INSERT INTO States VALUES('Uttar Pradesh');
INSERT INTO States VALUES('Jharkhand');
INSERT INTO States VALUES('Karnataka');
INSERT INTO States VALUES('Bihar');
INSERT INTO States VALUES('Madhya Pradesh');
INSERT INTO States VALUES('Punjab');
INSERT INTO States VALUES('Odisa');
INSERT INTO States VALUES('Haryana');
INSERT INTO States VALUES('Jummu & Kashmir');
INSERT INTO States VALUES('Assam');
INSERT INTO States VALUES('West Bengal');
INSERT INTO States VALUES('Kerala');
INSERT INTO States VALUES('Tamil Nadu');
INSERT INTO States VALUES('Arunachal Pradesh');
INSERT INTO States VALUES('Andra Pradesh');
INSERT INTO States VALUES('Maharashtra');
INSERT INTO States VALUES('Gujrat');







INSERT INTO Places VALUES('Lucknow','Uttar Pradesh');
INSERT INTO Places VALUES('Kanpur','Uttar Pradesh');
INSERT INTO Places VALUES('Ranchi','Jharkhand');
INSERT INTO Places VALUES('Bangalore','Karnataka');
INSERT INTO Places VALUES('Patna','Bihar');
INSERT INTO Places VALUES('Bhopal','Madhya Pradesh');
INSERT INTO Places VALUES('Chandigarh','Punjab');
INSERT INTO Places VALUES('Bhubaneswar','Odisa');
INSERT INTO Places VALUES('Yamuna Nagar','Haryana');
INSERT INTO Places VALUES('Jammu','Jummu & Kashmir');
INSERT INTO Places VALUES('Silchar','Assam');
INSERT INTO Places VALUES('Kolkata','West Bengal');
INSERT INTO Places VALUES('Kochi','Kerala');
INSERT INTO Places VALUES('Chennai','Tamil Nadu');
INSERT INTO Places VALUES('Itanagar','Arunachal Pradesh');
INSERT INTO Places VALUES('Hydrabad','Andra Pradesh');
INSERT INTO Places VALUES('Mumbai','Maharashtra');
INSERT INTO Places VALUES('Surat','Gujrat');








INSERT INTO UserProfile VALUES(1,'aditya1','aditya','abhishek','1999-07-04','Ranchi','Jharkhand','2020-05-27');
INSERT INTO UserProfile VALUES(2,'aditya31','aditya','Gupta','1999-07-14','Silchar','Assam','2020-05-27');
INSERT INTO UserProfile VALUES(3,'s8sourav','sourav','anand','1986-11-22','Bhopal','Madhya Pradesh','2020-05-26');
INSERT INTO UserProfile VALUES(4,'pranav21','pranav','gupta','1999-11-01','jammu','Jummu & Kashmir','2020-05-27');
INSERT INTO UserProfile VALUES(5,'simran6','simran','chawla','1999-08-18','Lucknow','Uttar Pradesh','2020-05-26');
INSERT INTO UserProfile VALUES(6,'ishi','ishika','Gupta','1999-09-15','Kanpur','Uttar Pradesh','2020-05-27');
INSERT INTO UserProfile VALUES(7,'yuktii','Yukti','Gupta','1998-08-30','Lucknow','Uttar Pradesh','2020-05-26');
INSERT INTO UserProfile VALUES(8,'nilpc','niladri','paul','1999-11-14','Silchar','Assam','2020-05-27');
INSERT INTO UserProfile VALUES(9,'suraj69','suraj','nayak','1998-07-19','hydrabad','Andra Pradesh','2020-05-26');
INSERT INTO UserProfile VALUES(10,'coolbird','shanu','dutta','1992-04-24','Itanagar','Arunachal Pradesh','2020-05-26');
INSERT INTO UserProfile VALUES(11,'g8abhi','abhinav','singh','1993-10-09','Kochi','kerala','2020-05-27');
INSERT INTO UserProfile VALUES(12,'deepu','depashree','rai','1999-03-24','surat','Gujrat','2020-05-27');
INSERT INTO UserProfile VALUES(13,'coolshu','shubham','sahu','1999-07-06','kolkata','West Bengal','2020-05-26');
INSERT INTO UserProfile VALUES(14,'shretabh','Shwetabh','Thakur','1999-06-15','Mumbai','Maharashtra','2020-05-27');
INSERT INTO UserProfile VALUES(15,'sammy','suman','shekhar','2000-03-19','Ranchi','Jharkhand','2020-05-27');
INSERT INTO UserProfile VALUES(16,'goku','sumedh','ravi','1999-07-19','patna','Bihar','2020-05-27');








INSERT INTO Credentials VALUES(1,'aditya1','pass1');
INSERT INTO Credentials VALUES(2,'aditya31','pass2');
INSERT INTO Credentials VALUES(3,'s8sourav','pass3');
INSERT INTO Credentials VALUES(4,'pranav21','pass4');
INSERT INTO Credentials VALUES(5,'simran6','pass5');
INSERT INTO Credentials VALUES(6,'ishi','pass6');
INSERT INTO Credentials VALUES(7,'yuktii','pass7');
INSERT INTO Credentials VALUES(8,'nilpc','pass8');
INSERT INTO Credentials VALUES(9,'suraj69','pass9');
INSERT INTO Credentials VALUES(10,'coolbird','pass10');
INSERT INTO Credentials VALUES(11,'g8abhi','pass11');
INSERT INTO Credentials VALUES(12,'deepu','pass12');
INSERT INTO Credentials VALUES(13,'coolshu','pass13');
INSERT INTO Credentials VALUES(14,'shretabh','pass14');
INSERT INTO Credentials VALUES(15,'sammy','pass15');
INSERT INTO Credentials VALUES(16,'goku','pass16');







INSERT INTO FavouriteGenres VALUES(1,'pop');
INSERT INTO FavouriteGenres VALUES(2,'salsa');
INSERT INTO FavouriteGenres VALUES(3,'rock');
INSERT INTO FavouriteGenres VALUES(4,'classical');
INSERT INTO FavouriteGenres VALUES(5,'country');
INSERT INTO FavouriteGenres VALUES(6,'pop');
INSERT INTO FavouriteGenres VALUES(7,'love');
INSERT INTO FavouriteGenres VALUES(8,'electronic');
INSERT INTO FavouriteGenres VALUES(9,'rock');
INSERT INTO FavouriteGenres VALUES(10,'salsa');
INSERT INTO FavouriteGenres VALUES(11,'opera');
INSERT INTO FavouriteGenres VALUES(12,'jazz');
INSERT INTO FavouriteGenres VALUES(13,'dubstep');
INSERT INTO FavouriteGenres VALUES(14,'indie rock');
INSERT INTO FavouriteGenres VALUES(15,'techno');
INSERT INTO FavouriteGenres VALUES(16,'pop');







INSERT INTO LoggedInUsers VALUES(1,'a1');
INSERT INTO LoggedInUsers VALUES(3,'a2');
INSERT INTO LoggedInUsers VALUES(6,'a3');
INSERT INTO LoggedInUsers VALUES(7,'a4');
INSERT INTO LoggedInUsers VALUES(8,'a5');
INSERT INTO LoggedInUsers VALUES(11,'a6');
INSERT INTO LoggedInUsers VALUES(14,'a7');
INSERT INTO LoggedInUsers VALUES(15,'a8');
INSERT INTO LoggedInUsers VALUES(16,'a9');







INSERT INTO Quotes VALUES('SQL\quotes','BTS',7);
INSERT INTO Quotes VALUES('SQL\quotes2','Alka Yagnik',3);
INSERT INTO Quotes VALUES('SQL\quote3','Asha Bhosle',4);
INSERT INTO Quotes VALUES('SQL\quote4','Jagjit Singh',8);
INSERT INTO Quotes VALUES('SQL\quotes5','Begum Akhtar',1);
INSERT INTO Quotes VALUES('SQL\quotes6','Mukesh',2);
INSERT INTO Quotes VALUES('SQL\quotes7','Mohammed Rafi',5);
INSERT INTO Quotes VALUES('SQL\quotes8','Kishor Kumar',8);
INSERT INTO Quotes VALUES('SQL\quotes9','Sonu Nigam',9);









INSERT INTO SongTags VALUES(1,'tag1');
INSERT INTO SongTags VALUES(2,'tag2');
INSERT INTO SongTags VALUES(3,'tag3');
INSERT INTO SongTags VALUES(5,'tag4');
INSERT INTO SongTags VALUES(8,'tag5');
INSERT INTO SongTags VALUES(10,'tag6');
INSERT INTO SongTags VALUES(14,'tag7');
INSERT INTO SongTags VALUES(18,'tag8');
INSERT INTO SongTags VALUES(24,'tag9');
INSERT INTO SongTags VALUES(45,'tag10');
INSERT INTO SongTags VALUES(69,'tag11');
INSERT INTO SongTags VALUES(73,'tag12');
INSERT INTO SongTags VALUES(126,'tag13');
INSERT INTO SongTags VALUES(169,'tag14');
INSERT INTO SongTags VALUES(180,'tag15');
INSERT INTO SongTags VALUES(189,'tag16');
INSERT INTO SongTags VALUES(190,'tag17');
INSERT INTO SongTags VALUES(210,'tag18');
INSERT INTO SongTags VALUES(230,'tag19');
INSERT INTO SongTags VALUES(340,'tag20');
INSERT INTO SongTags VALUES(369,'tag21');
INSERT INTO SongTags VALUES(390,'tag22');
INSERT INTO SongTags VALUES(399,'tag23');
INSERT INTO SongTags VALUES(400,'tag24');
INSERT INTO SongTags VALUES(420,'tag25');
INSERT INTO SongTags VALUES(430,'tag26');
INSERT INTO SongTags VALUES(433,'tag27');
INSERT INTO SongTags VALUES(440,'tag28');
INSERT INTO SongTags VALUES(441,'tag29');
INSERT INTO SongTags VALUES(443,'tag30');